source,reference,prediction
"we included 11 studies including <unk> participants in the review . two trials compared therapeutic ultrasound with placebo , two compared one ultrasound regimen with another , two compared ultrasound with another non - surgical intervention , and six compared ultrasound as part of a multi - component intervention with another non - surgical intervention ( for example , exercises and <unk> ) . the risk of bias was low in some studies and unclear or high in other studies , with only two reporting that the allocation sequence",we searched for study reports and found 11 randomised controlled trials including 443 participants overall that assessed the safety and benefit of therapeutic ultrasound for people with <unk> <unk> syndrome . the risk of bias of studies was low in some studies and unclear,we included seven studies with a total of 495 participants . the studies were conducted in the review . the evidence is current to december 2014 . we included studies that compared the use of
"sixteen trials , involving 3361 patients , were included in the review ; three of the studies were of magnesium sulphate in addition to <unk> . overall , calcium antagonists reduced the risk of poor outcome : the relative risk ( rr ) was 0 . 81 ( 95 % confidence interval ( ci ) 0 . 72 to 0 . 92 ) ; the corresponding number of patients needed to treat was 19 ( 95 % ci 1 to 51 ) . for oral <unk> alone the rr","this review of 16 trials , involving 3361 patients , has found that the outcome after <unk> haemorrhage , in terms of survival and being independent in activities of daily living , is improved by treatment with calcium channel blockers ( antagonists ) .","this review included three trials with a total of 216 participants . the studies were conducted in the review . the trials were conducted for inclusion criteria . the evidence is current to may 2015 . we found no studies , with a higher rate"
"we found five randomized trials , recruiting a total of <unk> participants and with a mean follow - up of 4 . 5 years . only one trial ( <unk> ) compared outcomes associated with ' lower ' ( < 120 mmhg ) or ' standard ' ( < 140 mmhg ) systolic blood pressure targets in <unk> participants . despite achieving a significantly lower bp ( <unk> . 3 / 64 . 4 mmhg vs <unk> . 5 / 70 . 5 mmhg , p < 0 .","the evidence is current to october 2013 . we found and analyzed five randomized trials including <unk> adult participants with type 2 diabetes and high blood pressure , 40 - 80 years old , who received treatment aimed to lower blood pressure to a","we searched for randomised controlled trials ( rcts ) , which included a total of 1270 participants . the trials compared the effectiveness of a control of two or more treatment groups ) , and one study compared the use of"
"eleven studies satisfied inclusion criteria , lasting one week or longer ; <unk> participants with mostly moderate or severe pain were randomised initially , but fewer completed treatment or had results of treatment . eight studies were double - blind , two single - blind , and one open - label . none had a placebo only control ; eight compared different nsaids , three an nsaid with opioid or opioid combination , and one both . none compared an nsaid plus opioid with the same dose of opioid","in this review we set out to examine the evidence on how well nsaids worked ( alone or with morphine - like drugs ) in adults with cancer pain . we also wanted to know how many people had side effects , and how","we found three studies ( rcts ) , which included a total of participants participants . the studies were conducted in the review . the trials compared the effect of"
"we included nine rcts ( <unk> women ) comparing human albumin ( seven rcts ) or hes ( two rcts ) or mannitol ( one rct ) versus placebo or no treatment for prevention of <unk> . the evidence was very low to moderate quality for all comparisons . the main limitations were imprecision , poor reporting of study methods , and failure to blind outcome assessment . there was evidence of a beneficial effect of intravenous albumin on <unk> , though heterogeneity was substantial ( peto or 0","we found nine randomised controlled trials ( rcts ) which compared the use of volume <unk> ( albumin , hes and mannitol ) for preventing moderate or severe <unk> . control groups received no treatment or placebo . the studies included <unk> women at","we searched for evidence in april 2016 , we found that randomised controlled trials ( rcts ) , which included a total of 96 participants . one study compared the effectiveness of a control group in the treatment of acute ischaemic stroke . the evidence"
"we included one trial with a total of 23 participants . this study was at high risk of bias . none of our primary outcomes and only one of our secondary outcomes ( reduction in volume of disease , assessed <unk> ) was measured in the study . there was no significant difference between the groups ( very low - quality evidence ) . adverse effects reported included airway <unk> requiring intubation in a child with severe <unk> a few hours after photodynamic therapy . there is insufficient evidence",we found one randomised controlled trial with a total of 23 participants for inclusion in this review . the study took place at two centres in the usa . six of the 23 patients did not complete the study ( dropped out ) .,"we searched for evidence in this review , we found that randomised controlled trials ( rcts ) , which included a total of 96 participants . the studies were conducted in the review . the evidence is current to december 2014 . we found no"
"this review examined four trials lasting 24 to 52 weeks involving 2250 people randomised to either insulin <unk> or <unk> . overall , risk of bias of the evaluated studies was high . insulin <unk> was <unk> once - daily in the evening . insulin <unk> was initiated once - daily in the evening with the <unk> of an additional dose in the morning in three studies and initiated twice - daily in one study . of randomised patients 13 . 6 % to 57 . 2 % were","four studies investigated a total of 2250 people . trials lasted between 24 and 52 weeks . overall , risk of bias of the evaluated studies was high . our analysis of these intermediate term trials comparing insulin <unk> with insulin <unk> showed that",we searched for randomised controlled trials ( rcts ) that compared the effects of the participants were included in this review . the trials compared the effectiveness of a pedometer - dose treatment with no treatment . the evidence is current to may 2015 .
"effect of <unk> on hiv <unk> no randomized controlled trials were identified . only one case - control study was included . hiv transmission was significantly associated with deep injury ( or 15 , 95 % ci 6 . 0 to 41 ) , <unk> blood on the device ( or 6 . 2 , 95 % ci 2 . 2 to 21 ) , procedures involving a needle placed in the source patient ' s blood vessel ( or 4 . 3 , 95 % ci 1 .",this review evaluated the effects of antiretroviral post - exposure prophylaxis ( <unk> ) for preventing hiv infection following occupational exposure . no randomized controlled trials were identified . only one case - control study provides evidence for using <unk> monotherapy . the study,"this review identified five trials involving a total of 542 participants , which compared the effectiveness of different interventions for the treatment of congenital hypothyroidism . the evidence is current to december 2014 . we found no strong evidence that"
"we included one retrospective , single - <unk> study that compared post - operative imaging within 48 hours ( early post - operative imaging ) with no early post - operative imaging among 125 people who had surgery for <unk> ( <unk> : world health <unk> ( who ) grade 4 glioma ) . most patients in the study underwent <unk> surgical resection followed by combined radiotherapy and <unk> treatment . although patient characteristics in the study arms were comparable , the study was at high risk of bias","we looked for studies involving adults with <unk> that compared current practice of <unk> scans at specific time points with other approaches . we found only one study meeting our criteria . this was from a cancer centre in the usa , looking at","we searched for randomised controlled trials ( rcts ) that compared the effects of horticultural for the treatment of the unborn baby . the evidence is current to may 2015 . we found no studies , involving a total of 662 participants . the studies"
"of the 15 selected trials , three were rated low risk of bias . three <unk> <unk> emerged . advice <unk> on activation : there is moderate quality evidence ( one trial , <unk> participants ) that an educational <unk> of advice <unk> on activation was more beneficial for acute <unk> - related pain when compared with no treatment at intermediate - term [ rr 0 . 79 ( 95 % confidence interval ( ci ) 0 . 59 to 1 . 06 ) ] but not long -","electronic <unk> databases were searched up to 11 july 2010 . fifteen randomised controlled trials ( <unk> participants ) looking at the effectiveness of patient education strategies for neck disorders were included . of the 15 selected trials , only one trial <unk> moderate",this review identified five studies with a total of 3198 participants . the studies were conducted in the review . the trials compared the use of doppler to reduce the risk of developing cvd . the
"we identified three trials involving 110 healthy children who were <unk> of <unk> <unk> . the included trials varied in study quality , vaccine used , length of follow - up and outcomes measured and , as such , were not suitable for meta - analysis . we identified high or unclear risk of bias in two of the three included studies . overall , 13 out of 56 vaccine recipients ( 23 % ) developed <unk> compared with 42 out of 54 placebo ( or no vaccine )","the number of participants in these three trials was small and is a <unk> of this review . the quality of the included studies varied , which also <unk> confidence in the results . there have been no trials of this type undertaken in","we searched for randomised controlled trials ( rcts ) , which included a total of 662 participants . the trials compared the effectiveness of different antibiotic therapy , and the two of these studies were conducted in the usa . the studies were included in"
"we included 12 studies with <unk> participants . all included studies examined the <unk> use of one antimicrobial regimen versus another for the treatment of adults with <unk> , but the particular drug regimens examined by each study varied . there was potential for bias because some studies did not report outcomes for all participants . all but one study reported sources of funding or <unk> <unk> with pharmaceutical companies . we found no statistical difference in all - cause mortality between monotherapy and combination therapy ( n =",we looked at studies involving adults aged over 18 years who were treated in intensive care units for ventilator - associated pneumonia and needed antibiotic treatment . we analysed 12 studies with <unk> participants . all included studies looked at the use of one,we included seven studies with a total of 495 participants . we included studies that compared the use of a pedometer - dose treatment . we did not find any studies
"three rcts , with <unk> participants , tested different neoadjuvant treatments : rt alone ; sequential rt and <unk> , <unk> and vincristine ( <unk> ) chemotherapy ; <unk> chemotherapy alone ; and <unk> chemotherapy alone . none of the studies blinded participants or personnel , and , therefore , are considered at high risk of performance and detection bias . the studies were otherwise at low risk of bias . one study , the european organisation for research and treatment of cancer ( <unk> ) trial , demonstrated","we searched the scientific literature up to march 2014 for studies of adults over 18 years of age with a diagnosis of <unk> <unk> , <unk> <unk> or <unk> <unk> . after surgery , the participants had to have received radiotherapy alone , chemotherapy",this review included three trials with a total of 718 participants . the trials compared the effectiveness of a control of treatment with no treatment . the evidence is current to may 2015 . we found three trials that compared the use of
"we included 11 studies comprising <unk> participants in our quantitative analysis . most studies included people with moderate to severe copd , without recent exacerbations . one pharmaceutical sponsored trial that included only people with recent exacerbations was the largest study and accounted for 37 % of participants . all but one study were sponsored by pharmaceutical companies , thus we rated them as having a high risk of ' other bias ' . the <unk> study was at high risk of performance and detection bias , and possible",we included 11 studies involving <unk> participants comparing the benefits and harms of lama + laba and laba + ics for the treatment of people with copd . although risk of serious side effects and death were not affected by the choice of treatment,"we included seven studies with a total of 495 participants . all studies compared the use of a pedometer - dose treatment . the studies were conducted in the usa . the evidence is current to may 2015 . we found no studies , involving"
"five studies met the inclusion criteria . all were conducted in the uk , and tested short - term changes in the consultation time allocated to each patient . overall , our confidence in the results was very low ; most studies had a high risk of bias , particularly due to non - random allocation of participants and the absence of data on participants ' characteristics and small sample sizes . we are uncertain whether <unk> appointment length increases primary care consultation length , number of <unk> and","we identified five studies conducted in the uk that tested whether methods to change consultation length for family doctors provides any benefit . the studies were conducted in single or multiple practices , and the number of <unk> ranged from 200 to <unk> consultations",this review identified five studies with a total of 3198 children under in the treatment of acute ischaemic stroke . the evidence is current to may 2015 . we found five studies that compared the use of
"we identified three eligible studies that included a total of 285 neonates ( 140 received arginine ) from three countries . we assessed the overall methodological quality of the included studies as good . we noted a statistically significant reduction in risk of development of nec ( any stage ) among preterm neonates in the arginine group compared with the placebo group ( rr 0 . 38 , 95 % confidence interval ( ci ) 0 . 23 to 0 . 64 ; i2 = 27 % ) (",review authors searched the literature for controlled studies evaluating the efficacy and safety of arginine supplementation . adding extra arginine to a preterm infant ' s feed reduced the risk of nec in three good quality studies that included 285 infants born at less,we searched for studies up to march 2017 . we found three studies that compared the effects of a total of 216 participants . the studies were conducted in the usa . the trials compared the effectiveness of
"two trials ( 281 pregnancies and 282 <unk> ) met our inclusion criteria . however , the two trials had significant clinical and methodological heterogeneity such that a meta - analysis combining trial data was considered inappropriate . one trial ( involving 161 pregnancies ) was based on women with a history of diabetes . it showed no statistically significant difference between using combined oestrogen and progestogen and using placebo for all our proposed primary outcomes , namely , miscarriage ( risk ratio ( rr ) 0 . 95","the hormones oestrogen and progesterone have established physiological <unk> in maintaining pregnancy . it has been suggested that supplementation of these hormones could help prevent miscarriage before 24 weeks of pregnancy , particularly in women who have low levels of the hormones , in","we searched for randomised controlled trials ( rcts ) , which included a total of participants participants . the trials compared the effectiveness of different antibiotic therapy , and the two of the trials were included in this review . the studies were conducted in"
"nine trials , which included a total of <unk> women , met the inclusion criteria of this cochrane review . most of these studies included women with unexplained infertility . in seven studies the women were undergoing iui and in two studies the women were <unk> to <unk> from sexual intercourse . eight trials compared <unk> endometrial injury with no injury / placebo procedure ; of these two trials also compared <unk> endometrial injury in the cycle prior to iui with <unk> endometrial injury in the iui cycle .","nine randomised controlled trials met the inclusion criteria of this review , and included a total of <unk> women . the women in seven studies were <unk> to get pregnant from iui , and from intercourse in two studies . most women had a","this review identified three trials involving a total of 2024 participants , which compared the effectiveness of different antibiotic therapy for treating asymptomatic bacteriuria . the trials compared the effect of the"
"fifteen studies , involving <unk> participants , were included in the review . study quality was poor and sample sizes were frequently small . however , some pooled effects were analysed . three studies measured our primary outcome but individually did not report significant differences between treatment and control . the use of ' as needed ' medications was reduced in two studies , ( 47 patients ) , by relaxation therapy ( or 4 . 47 , ci 1 . 22 to 16 . 44 ) . there","systematically , we searched the literature on psychological interventions to find valid studies that looked at the effects of providing mainly psychological interventions for adults with asthma . the studies found examined many different therapies and measured different physical and psychological outcomes ; for",this review identified five studies with a total of 542 participants . the review found that army recruits of the effect of the
"we identified three eligible trials . two trials compared endoscopic intervention with surgical intervention and included a total of 111 participants : 55 in the endoscopic group and 56 in the surgical group . compared with the endoscopic group , the surgical group had a higher proportion of participants with pain relief , both at middle / long - term follow - up ( two to five years : risk ratio ( rr ) 1 . 62 , 95 % confidence interval ( ci ) 1 . 22 to","we performed a search in march 2014 and found three relevant randomised trials . two comparing endoscopic versus surgical interventions ( 111 patients with durations of two and three years ) , while the third compared surgery to conservative treatment ( i . e","we searched for randomised controlled trials ( rcts ) , which included a total of 662 participants . the trials compared the effectiveness of a control of two or more treatment groups ) , and one study compared the time of the"
"we included 38 studies , mostly from high - income countries , many of which explored mothers ' <unk> of vaccine communication . some focused on the <unk> ( <unk> , <unk> , <unk> ) vaccine . in general , parents wanted more information than they were <unk> ( high confidence in the evidence ) . lack of information led to <unk> and <unk> about vaccination decisions among some parents ( moderate confidence ) . parents wanted <unk> information about vaccination benefits and harms ( high confidence ) ,","we included 38 studies in our review . most of the studies were from high - income countries and explored mothers ' <unk> of vaccine communication . some of the studies also included the views of fathers , <unk> and other caregivers . in","we included a total of studies , which included a variety of participants . the studies were conducted in the review . the evidence is current to december 2014 . we found no studies that compared the use of"
"we included 11 studies involving a total of 38 , 742 participants : eight studies compared <unk> versus placebo or no treatment ( 35 , 110 participants ) , and three studies compared different systolic blood pressure targets ( <unk> participants ) . the risk of bias varied <unk> between included studies . the pooled risk ratio ( rr ) of <unk> for recurrent stroke was 0 . 81 ( 95 % confidence interval ( ci ) 0 . 70 to 0 . 93 ; 8 rcts ; 35","this review is up - to - date to august 2017 . we included 11 trials involving 38 , 742 participants : eight trials assessed the effect of blood pressure drugs , and three trials compared different blood pressure targets . ten studies were","we included seven studies with a total of 495 participants . all studies compared the use of a pedometer - dose treatment . the evidence is current to may 2015 . we found no studies , involving a total ,"
our search strategy identified 8 studies ( <unk> participants ) as eligible for inclusion in this review . interventions included : thrombolytic therapy versus placebo ( 1 study ) ; low versus high dose thrombolytic therapy ( 1 ) ; <unk> versus <unk> ( 1 ) ; short versus long thrombolytic <unk> ( 1 ) ; thrombolytic therapy versus percutaneous fibrin <unk> <unk> ( 1 ) ; fibrin <unk> <unk> versus over - the - <unk> catheter exchange ( 1 ) ; and over - the - <unk> catheter,we found eight studies involving <unk> participants that tested the three different treatments . studies also compared drug dosages and methods of administration . the quality of evidence is limited by small study size and high risk of bias . thrombolytic therapy was probably,we found three studies ( rcts ) that compared the effects of a total of 216 participants . the studies were conducted in the review . the trials compared the effect of a pedometer - dose treatment . the evidence is current to december 2014
"we included 18 trials reporting on <unk> participants comparing the effect of <unk> administration to control regimens . primary outcome : there was no clear difference in the proportion of participants with pain response ( rr 1 . 15 , 95 % ci 0 . 93 to 1 . 43 ; p = 0 . 20 ; i2 = 0 % ; 3 trials ; 876 participants ; low quality evidence ) . in absolute terms , <unk> resulted in a pain response in 40 more participants per 1000","we searched medical databases to 13 july 2017 . two review authors independently screened , summarized and analyzed the findings . this led to the inclusion of 18 clinical trials . we found low quality evidence that <unk> provided no clinically relevant difference in",we searched for randomised controlled trials ( rcts ) that compared the effects of horticultural for the treatment of warts after surgery . we included eight trials with a total of 662 participants . the studies were conducted in the review . the trials compared
"two randomised clinical trials were eligible for inclusion . one trial compared biliary <unk> with <unk> versus saline in 17 patients . <unk> tended to increase adverse events ( pancreatitis , cholangitis with <unk> , <unk> <unk> , fluid retention ) ( rr 3 . 43 , 95 % ci 0 . 51 to 22 . 9 ) and had no <unk> improvement , which led to termination of the trial . the other trial compared budesonide versus prednisone in 18 patients . patients had statistically significant higher serum",two trials on glucocorticosteroids for primary sclerosing cholangitis were identified . one trial compared biliary <unk> with <unk> versus saline . this trial was stopped due to adverse events . the other trial compared oral administration of budesonide versus prednisone . no statistically significant,"we identified three studies ( involving 1557 women ) , which compared the effectiveness of treatment for treating asymptomatic bacteriuria . the evidence is current to may 2015 . we found no studies , with a total of people with acute ischaemic stroke . the"
"thirteen studies , <unk> participants , met the criteria for inclusion in this review . comparing <unk> versus placebo or no pharmacological treatments , no statistically significant difference were noted for all the primary outcomes considered . the only outcome statistically significant in favour of <unk> is re <unk> , rr 0 . 47 ( 95 % ci 0 . 26 - 0 . 84 ) , but results come only from two studies . considering only studies were patients were forced to adherence a statistical significant difference in","in this review of the medical literature oral <unk> , with or without psychotherapy , was no better than placebo or no pharmacological treatments with regard to retention in treatment , use of the primary <unk> of abuse or side effects . the only",this review identified five studies with a total of 216 participants . the studies were conducted in the review . the trials compared the effectiveness of technology of the umbilical of the unborn baby . the evidence is current to december 2014 . we found
"nine studies ( eight randomised controlled trials ) involving 1109 participants met the inclusion criteria for the review . antagonist - induced withdrawal is more <unk> but less <unk> than withdrawal managed with reducing doses of methadone , and doses of <unk> sufficient for blockade of opioid effects can be established significantly more <unk> with antagonist - induced withdrawal than withdrawal managed with <unk> and symptomatic medications . the level of sedation does not affect the intensity and duration of withdrawal , although the duration of anaesthesia may influence",the review of trials shows that this <unk> of withdrawal treatment is <unk> than withdrawal managed with reducing doses of methadone or <unk> plus symptomatic medications . the intensity of withdrawal experienced with anaesthesia - based approaches is similar to that experienced with approaches,we found three studies that compared the effects of the participants were included in this review . the studies were conducted in the usa . the trials compared the use of the
we included two trials from 1987 and 2004 with a total 148 participants who have had heart valve surgery . both trials had a high risk of bias . there was insufficient evidence at 3 to 6 months follow - up to judge the effect of exercise - based cardiac rehabilitation compared to no exercise on mortality ( rr 4 . 46 ( 95 % confidence interval ( ci ) 0 . 22 to 90 . 78 ) ; participants = 104 ; studies = 1 ; quality of,we searched for randomised clinical trials ( experiments in which participants are randomly allocated to an experimental compared with a control intervention ) examining the effect of exercise - based cardiac rehabilitation compared with no exercise after heart valve surgery for heart valve disease,we searched for randomised controlled trials ( rcts ) that compared the effects of horticultural for the treatment of surgery . we included eight trials with a total of 662 participants . the studies were conducted in the usa . the trials were conducted across
"two randomised trials were identified . one trial compared the outcomes of surgical urethral <unk> and <unk> <unk> in 210 adult men with urethral <unk> disease . no significant difference was found in the proportion of men being <unk> free at three years or in the median time to recurrence . the second trial compared the outcomes of <unk> and <unk> in 50 men with traumatic <unk> of the posterior <unk> following pelvic fracture injury . in the first six months , men were more likely to require further",the uncertainty as to which <unk> is best <unk> this review of the current evidence . we found very little good quality evidence and were unable to achieve all our objectives for this review . the results of a single study suggest that <unk>,"we searched for randomised controlled trials ( rcts ) , which included a total of 22 participants . the trials compared the effectiveness of technology of the umbilical of the unborn baby . the evidence is current to may 2015 . we found no evidence"
"a total of 38 studies involving <unk> children were included . following educational intervention delivered to children , their parents or both , there was a significantly reduced risk of subsequent emergency department visits ( rr 0 . 73 , 95 % ci 0 . 65 to 0 . 81 , n = <unk> ) and hospital admissions ( rr 0 . 79 , 95 % ci 0 . 69 to 0 . 92 , n = <unk> ) compared with control . there were also fewer <unk> <unk>",this review looked at studies which compared usual care for asthma to more intensive educational programmes and the results showed a statistically significant reduction in the treatment groups needing subsequent emergency department visits or hospital admissions . we were not able to determine the,"we included a total of studies , which included a number of participants . the studies were conducted in the review . the evidence is current to december 2014 . we found three studies ( rcts ) ,"
"we included five randomised studies with total of <unk> women evaluating five different technique modifications during either <unk> ( three studies ) or <unk> ( two studies ) . for <unk> three interventions were evaluated - intramuscular progesterone , <unk> and selecting high or low puncture sites for late ' blind ' procedure - each intervention in a single small study . there was no conclusive evidence of benefit for any of them . the same <unk> for terbutaline <unk> and use of continuous <unk> aspiration during <unk> .","we compare the safety and accuracy of various modifications and included five randomised studies with <unk> women . for <unk> , studies evaluated drugs that <unk> the uterus ( <unk> ) , progesterone prophylaxis , or compared the difference in safety for different puncture",we included eight studies with a total of 495 participants . the studies were conducted in the review . the evidence is current to december 2014 . we found five studies with 4187 participants . we included five studies ( involving 1245 participants ) .
"we included two trials ( 116 women ) comparing planned home versus hospital management for pprom . overall , the number of included women in each trial was too small to allow adequate assessment of pre - specified outcomes . investigators used strict inclusion criteria and in both studies relatively few of the women presenting with pprom were eligible for inclusion . women were <unk> for 48 to 72 hours before randomisation . perinatal mortality was reported in one trial and there was insufficient evidence to determine whether it","we included two randomised controlled studies with 116 women in the review . these studies compared planned home versus hospital management for women with preterm , <unk> rupture of the membranes ( pprom ) . in both studies there were strict criteria for <unk>",we searched for randomised controlled trials ( rcts ) that compared the effects of a total of 216 participants . the studies were conducted in the review . the trials compared the effect of the
"the 33 eligible studies largely compared open questions with <unk> - type questions or rating <unk> . two included participant <unk> . despite different designs , populations and details of <unk> methods , the narrative review showed that more specific <unk> of participants led to more <unk> detected compared to a more general <unk> . a subset of six studies suggested that more severe , <unk> , or otherwise clinically relevant <unk> were reported when an initial open <unk> was used , while some less severe , <unk> ,",clinical drug trials or studies are usually conducted to assess how well the drug works but also whether it <unk> any harm ( side effects or adverse effects ) . adverse effects can be detected by the trial <unk> examining participants or taking some,"we included a total of studies , which included a number of participants . the studies were conducted in the review . the evidence is current to december 2014 . we found no studies , with a total , of participants ,"
"we identified 12 rcts enrolling 933 participants with ms ; <unk> were randomised to the vitamin d group , and 469 to the comparator group . eleven trials tested vitamin d <unk> , and one trial tested vitamin d ₂ . vitamin d <unk> had no effect on the <unk> relapse rate at 52 weeks ' follow - up ( rate difference - 0 . 05 , 95 % ci - 0 . 17 to 0 . 07 ; i ² = 38 % ; five trials ; 417","our systematic search identified 12 studies enrolling 933 people with ms . research shows that vitamin d has no effect on recurrence of relapse , worsening of disability measured by the <unk> disability status scale ( <unk> ) , or new mri <unk> -",we searched for evidence up to march 2014 . we found 12 studies involving a total of 495 participants . all trials were conducted in the usa . we included eight studies ( involving 1245 participants ) . the studies were conducted for inclusion .
"we reviewed a total of <unk> full - text <unk> . from these , we identified 15 national <unk> , including more than 260 , 000 people , that met the inclusion criteria . none of the <unk> were provided in lower - middle - income or low - income countries . all <unk> except one used an uncontrolled pre - post study design . because of high levels of study heterogeneity ( i2 > 90 % ) , we focused on individual <unk> rather than on pooled results","we searched research papers and government reports and had direct communication with individuals working in salt reduction in their respective countries . the evidence is current as of 5 january 2015 , when we last searched electronic databases . <unk> in 15 countries met",we included eight studies with a total of 495 participants . all studies compared the effectiveness of technology of dressings . the studies were conducted in the review . the trials compared the effect of vitamin c . we found no evidence that relaxin is
"one double - blind randomised controlled study including 46 people with sickle cell disease ( hbss , hbsc , hbs β + thal and hbs β <unk> ) was eligible for inclusion in this review . of the 46 enrolled participants , seven withdrew before randomisation leaving 39 participants who were randomised . only 25 participants completed the full six months of follow up . participants were randomised to receive oral vitamin <unk> ( <unk> ) ( n = 20 ) or placebo ( n = 19 ) for",the review included one study which recruited 46 people with sickle cell disease aged between seven and 21 years ; of these 39 people in the study were randomly selected to take vitamin d tablets or placebo tablets for six weeks and then followed,this review identified five studies with a total of 3198 participants . the studies were conducted in the review . the trials compared the use of the
"six trials ( including one trial testing two relevant protocols ) met the inclusion criteria for a total of seven group comparisons . the four paediatric trials ( two involving <unk> children and two school - aged children ) and two adult parallel - group trials , lasting 12 to 52 weeks , were of high methodological quality . a total of <unk> patients with confirmed , or suspected , persistent asthma contributed to the meta - analyses . there was no statistically significant group difference in the risk","this review of randomised controlled trials found no significant difference in the number of asthma attacks of moderate severity between people taking inhaled corticosteroids <unk> day and those taking them ' as needed ' . however , there was not enough information to conclude",this review included three trials with a total of 112 participants . the studies were conducted in the review . the trials were conducted for inclusion criteria . the review found that there was no evidence for the treatment of
"we identified 42 primary studies with <unk> participants . twenty studies provided accuracy data based on the number of individual participants ( seven of which provided data with and without the use of contrast ) . sixteen of these studies evaluated the accuracy of <unk> . these studies were generally of moderate to low quality : only three studies fulfilled all the <unk> items ; in six ( 40 % ) of the studies , the delay between the tests was unclear or longer than four weeks ; in",we collected the most recent evidence ( to july 2016 ) and conducted a meta - analysis according to the most appropriate methods for diagnostic tests . we included 42 studies with <unk> participants in the review . the analyses measured sensitivity ( how,"we included eight studies with a total of 495 participants . all studies compared the effectiveness of different antibiotic therapy , and the two of these studies were conducted in the usa . the studies were included in this review . the trials compared the"
"four trials involving 317 people met the inclusion criteria . three trials studied oral magnesium , with doses ranging from 12 . 5 mmol / day to 20 mmol / day . one trial studied parenteral magnesium ( 16 . 24 <unk> <unk> for 24 hours ) . each trial demonstrated a high risk of bias in at least one domain . there was significant clinical and methodological variation between trials . we found no study that measured all of the identified primary outcomes and met the objectives of",alcohol withdrawal syndrome ( <unk> ) is a set of symptoms experienced when one reduces or <unk> alcohol consumption after <unk> periods of alcohol intake . some studies show that <unk> <unk> with low levels of magnesium in the blood . since magnesium may,"this review identified three trials involving a total of participants participants . the trials compared the effectiveness of different antibiotic therapy , and the other atypical of the baby , and"
"we included no new trials in this update . we included four trials involving more than 13 , 000 women which were conducted in the uk and ireland and included women in labour . three trials were funded by the hospitals where the trials took place and one trial was funded by the <unk> government . no <unk> of interest were made in two trials ; the remaining two trials did not <unk> <unk> of interest . overall , the studies were assessed as low risk of bias .",we compared the admission ctg with intermittent <unk> of the <unk> performed on the woman ' s admission to the labour ward . we searched for evidence to 30 november 2016 but found no new studies for this updated review ( previously published in,"we searched for evidence in april 2016 , we found that randomised controlled trials ( rcts ) , which included a total of 1270 participants . the trials compared the effect of a difference in the treatment of acute ischaemic stroke . the evidence is"
"there were no rcts that assessed the tolerability or safety of the withdrawn cox - 2 inhibitors rofecoxib , <unk> , or lumiracoxib . two rcts ( n = <unk> ibd patients with <unk> <unk> ) were included in the review . one study ( n = 159 ) compared <unk> ( 60 to 120 mg / day ) to placebo in ibd patients with quiescent or active ulcerative colitis or <unk> ' s disease . the other study ( n = 222 ) compared celecoxib ( 200 mg","this review does not include any studies that assessed the tolerability and safety of the withdrawn cox - 2 inhibitors rofecoxib , <unk> , or lumiracoxib . this review identified two studies that included a total of <unk> participants with ibd who were experiencing","this review included 11 randomised controlled trials ( rcts ) , which included a total of participants participants . the studies were conducted in the review . the trials compared the use of"
"we included one new study in this update . in total , 13 trials involving <unk> participants met the inclusion criteria for this review however , data in usable <unk> were only available in 10 trials ( 732 participants ) . inadequate reporting of study methodology was a common <unk> of the trials preventing thorough assessment of study quality . we were unable to pool data for any of the outcomes due to the differences between the interventions assessed in the studies . eight studies aimed to induce remission","this review aims to evaluate these treatments to assess their effectiveness especially for later stages . the review identified 13 trials involving <unk> participants . however , data <unk> for the review were only available in 10 trials with 732 participants . the data","we searched for evidence in april 2016 , we found that randomised controlled trials ( rcts ) , which included a total of 96 participants . the studies were conducted in the review . the trials compared the effect of"
"we included four relevant trials . all of them were of low quality . all of studies used a <unk> containing huangqi <unk> as the intervention with chemotherapy . the intervention groups of three studies were compared to a chemotherapy alone control group , the fourth study compared the <unk> of huangqi <unk> with two other chinese herbal interventions . none of the studies reported on primary outcome using common toxicity criteria ( <unk> ) . there was a significant reduction in the proportion of patients who experienced nausea","we have performed a systematic review of the potential benefits of chinese herbal medicines in patients being treated with chemotherapy for colorectal cancer . we identified four relevant studies , which included a total of 342 patients , with adequately reported data . we",we searched for randomised controlled trials ( rcts ) that compared the effects of horticultural for the treatment of warts after surgery . the evidence is current to may 2015 . we found no evidence that relaxin is better than placebo or no treatment .
"we found nine eligible rcts including <unk> infants in total . these trials compared <unk> with scheduled interval regimens in preterm infants in the <unk> phase from intragastric tube to oral feeding . the trials were generally small and contained various methodological weaknesses including lack of blinding and incomplete assessment of all randomised participants . meta - analyses , although limited by data quality and <unk> , suggest that <unk> feeding results in slightly <unk> rates of weight gain ( md − 1 . 36 , 95 % ci",we searched for all available evidence up to january 2016 . we found nine eligible randomised controlled trials ( including a total of <unk> infants ) that examined whether feeding preterm infants in response to their own feeding and <unk> <unk> ( sometimes called,"we searched for evidence in april 2016 , we found that randomised controlled trials ( rcts ) , which included a total of 1270 participants . the trials compared the effectiveness of a control of developing cvd . the evidence is current to may 2015"
"we included one small trial ( with data from 34 participants ) comparing <unk> <unk> with no <unk> . the trial was considered to be at a high risk of bias overall , due to small numbers , inconsistency in the reporting and lack of information on blinding . meta - analysis was not possible . <unk> <unk> was with room temperature saline at 10 ml per minute for 60 minutes , then 3 ml per minute until delivery versus no <unk> . all women received intrauterine pressure catheter",we searched for evidence on 6 july 2016 and only found one randomised controlled trial ( which reported data from a total of 34 women ) . data were available for 17 women who received <unk> <unk> and 17 women who did not .,"we searched for evidence in this review , we included three trials involving a total of 495 participants . we included one study ( 91 participants ) that compared the effects of the"
"we included six trials with a total of 137 participants . we found two studies with 45 participants examining the effects of tdcs compared to control ( sham tdcs ) on our primary outcome measure , impairment , as measured by the <unk> parkinson ' s disease rating scale ( <unk> ) . there was very low quality evidence for no effect of tdcs on change in global <unk> score ( mean difference ( md ) - 7 . 10 % , 95 % confidence interval ( ci -","we included six trials involving 137 participants . the duration of treatment in the included trials ranged from a single session to five consecutive sessions of tdcs . from the six trials involving 137 participants , we found there was insufficient evidence to determine",we searched for randomised controlled trials ( rcts ) that compared the effects of horticultural for the treatment of surgery . we included three trials involving a total of 662 participants . the trials compared the effectiveness of a control of the
"we included 7 new observational studies in this update , bringing the total number to 14 , including 5 cohort and 9 case - control studies , with 1 , <unk> , <unk> study <unk> . most studies found no causal associations between maternal exposure to topical corticosteroids of any potency and pregnancy outcomes when compared with no exposure . these outcomes included : mode of delivery ( risk ratio ( rr ) 1 . 04 , 95 % confidence interval ( ci ) 0 . 95 to 1","we updated the review that was previously published in 2009 . we examined the research published up to july 2015 and found seven new studies . all in all , this updated review included a total of 14 observational studies that assessed 1 ,","we included eight studies ( involving 4759 participants ) comparing diet , physical activity , or no treatment . the studies were conducted in the review . the evidence is current to december 2014 . we found no studies , with a total of 662"
"we included 24 studies with a total of <unk> participants , 23 of which provided data for meta - analysis . thirteen studies had low risk of selection bias , five studies reported adequate blinding of outcome assessment and 15 studies had low risk of attrition bias . seventeen studies that compared yoga versus no therapy provided moderate - quality evidence showing that yoga improved health - related quality of life ( pooled smd 0 . 22 , 95 % ci 0 . 04 to 0 . 40 ;","we found 24 studies that involved <unk> women . our evidence is current to january 2016 . we found that women in 11 studies had completed surgery , chemotherapy and radiotherapy ; women in three studies were currently undergoing chemotherapy ; and women in","we searched for evidence in this review , we found 19 studies with 2616 participants with presumed , 000 women . we included eight studies ( involving 360 participants ) comparing diet , fluoxetine , and one study compared the use of"
we included two studies with <unk> participants . we identified one ongoing trial with planned recruitment of 80 participants . included studies enrolled participants with both partially reversible and non - reversible copd and baseline mean per cent predicted ( % <unk> ) forced expiratory volume in one second ( <unk> <unk> ) of 43 . 4 to 49 . 6 . both studies lasted 12 weeks . both studies used the same combination of inhaled ics / laba ( <unk> <unk> and <unk> 100 / 25 mcg once,we found two studies involving <unk> participants that compared the benefits and harms of once - daily inhaled ics / laba combined in one inhaler versus inhaled lama for treatment of adults with copd . these studies lasted 12 weeks . participants were men,"we included eight studies with a total of 495 participants . all studies compared the effectiveness of different antibiotic therapy , and the two of these studies were conducted in the review . the studies were included in the studies ,"
"our searches identified two new published studies with <unk> design , and one new published study with an enriched enrolment randomised withdrawal ( eerw ) design . we included eight studies . five ( <unk> participants ) had a <unk> design in which participants were randomised at the start of the study to pregabalin ( 150 , 300 , <unk> , or 600 mg daily ) or placebo , with assessment after 8 to 13 weeks of stable treatment . no studies included active comparators . studies had low",we searched scientific databases for studies that looked at the effects of pregabalin in adults with fibromyalgia who had moderate or severe pain . the treatment had to last at least eight weeks . the evidence is current to march 2016 . eight studies,"we searched for studies up to march 2014 . we found three studies ( rcts ) , which included a total of participants participants . the studies were conducted in the review . the trials compared the use of"
eleven studies with a total of <unk> participants were included in the review . these evaluated a range of comparisons in a range of surgical wounds healing by secondary intention . in general studies were small and some did not present data or analyses that could be <unk> interpreted or related to clinical outcomes . these factors reduced the quality of the evidence . two comparisons compared different iodine preparations with no antiseptic treatment and found no clear evidence of effects for these treatments . the outcome data available,in november 2015 we searched for as many studies as possible that both had a randomised controlled design and looked at the use of an antibiotic or antiseptic in participants with surgical wounds healing by secondary intention . we found 11 studies which included,"we found three studies ( rcts ) , which included a total of participants participants . the studies were conducted in the review . the trials compared the use of vitamin b6 for the treatment of"
we included one rct that compared nebulised recombinant human <unk> ( <unk> ) with placebo in 40 children with airway <unk> and a respiratory tract infection . we assessed it to be a rct with overall low risk of bias . data analysed in this review showed that there was no significant difference between groups for the primary outcome of proportion cough - free at two weeks ( odds ratio ( or ) 1 . 38 ; 95 % confidence interval ( ci ) 0 . 37 to 5,we wanted to find out which out of these possible treatments was most effective . we found only one randomised controlled trial ( rct ) that assessed nebulised recombinant human <unk> ( <unk> ) which helps in <unk> down the <unk> and has been,"we searched for evidence in this review , we included a total of 17 studies , which included a number of participants . one study compared the effectiveness of a control of two or more treatment groups ) comparing diet , or no treatment ,"
"we identified three rcts including 739 children . they all used an age of one year as the cut - off point for pre - treatment risk stratification . the first updated search identified a <unk> reporting additional follow - up data for one of these rcts , while the second update identified an <unk> of this study . there was a significant statistical difference in event - free survival in favour of <unk> therapy over conventional chemotherapy or no further treatment ( three studies , 739 patients ;",this systematic review focused on randomised studies comparing the effectiveness of <unk> therapy with conventional therapy in children with high - risk neuroblastoma . the authors found three studies including 739 patients . these studies provide evidence that <unk> therapy improves event - free,"we searched for evidence in this review , we included three trials with a total of 495 participants . all trials were conducted in the usa . we included six studies with a combined total of 511 participants . the trials compared the effectiveness of"
we included five trials with a total of 240 children aged one to 18 years with mild to moderate <unk> ( <unk> 1 to 30 per hour ) . all trials were performed in <unk> sleep medicine clinics at tertiary care centres . follow - up time ranged from six weeks to four months . three rcts ( n = 137 ) compared intranasal steroids against placebo ; two rcts compared oral montelukast against placebo ( n = 103 ) . we excluded one trial from the meta -,we included five studies in the review . these studies each included 25 to 62 children between one and 11 years of age with mild to moderate <unk> treated at <unk> sleep outpatient clinics . the included studies used two different types of anti,we searched for evidence up to march 2014 . we found five trials involving a total of 495 participants . we included eight studies ( involving 1245 participants ) that compared the effects of the
"we identified four studies ( <unk> participants , age range 50 to 90 years ) . all participants had a diagnosis of <unk> or possible ad according to standard criteria and most participants were established on a <unk> inhibitor . the primary outcome in all studies was change in alzheimer ' s disease assessment scale - cognitive <unk> ( <unk> - <unk> ) from baseline . when we pooled data , there was no significant benefit from statin ( mean difference - 0 . 26 , 95 % confidence",two independent authors searched scientific databases for studies in which a statin or a placebo ( a pretend treatment ) was given for at least six months . we included people with a <unk> or possible diagnosis of alzheimer ' s disease according to,"we included seven studies with a total of 495 participants . the studies were conducted in the review . the trials compared the use of the risk of developing cvd . the evidence is current to may 2015 . we found no studies , involving"
"we included 13 trials with 1316 participants in a <unk> synthesis . participants were incontinent for urine , stool , or both , and were <unk> in a nursing home or were hospitalised . eleven trials had a small sample size and short follow - up periods . . the overall risk of bias in the included studies was high . the data were not suitable for meta - analysis due to heterogeneity in participant population , skin care products , skin care procedures , outcomes , and measurement","we included randomised controlled trials which compared skin care products , procedures , methods for using skin care products and frequencies of using a skin care product . the participants had to be over 18 years of age . we found thirteen , mostly",we searched for randomised controlled trials ( rcts ) that compared the effects of horticultural for the treatment of the unborn baby . we found no evidence that relaxin is better than placebo or no treatment . the studies were conducted in the review .
"we identified seven trials ( five parallel , two cross - over ) enrolling a total of <unk> individuals amongst whom 118 cross - over participants additionally served as their own controls . three trials enrolled women with pregnancy - associated leg cramps ( n = 202 ) and four trials enrolled idiopathic cramp <unk> ( n = 322 including cross - over controls ) . magnesium was compared to placebo in six trials and to no treatment in one trial . for idiopathic cramps ( largely older adults",we searched for all high quality published studies evaluating the effectiveness of magnesium to prevent muscle cramps and found four studies in older adults and three studies in pregnant women . there were no studies of people who cramp while exercising and no studies,we searched for randomised controlled trials ( rcts ) that compared the effects of horticultural for the treatment of surgery . we found no evidence that relaxin is better than placebo or no treatment . the studies were conducted in the review . the trials
"we screened <unk> titles to yield seven rcts with a total of <unk> participants . participants , interventions and outcomes were diverse . no significant differences were reported in health outcomes ; two studies reported a reduction in the hospital stay with no difference in the hospital readmission rates . three studies reported a reduction in parental anxiety and improvement in child behaviours was reported in three studies . overall increased parental satisfaction was reported in three studies . also , better parental coping and family functioning was reported","this review aimed to examine whether specialist paediatric home - based nursing services for children with acute and chronic illnesses reduce the number of hospital admissions and length of stay , enhance health care in the community and reduce stress for families at the","we searched for evidence up to march 2014 , we found that randomised controlled trials ( rcts ) , which included a total of 96 participants . one study compared the effectiveness of"
"we included a total of <unk> participants from 12 studies ( 23 references ) in this analysis . we included only those involved in <unk> chi and the control group ( i . e . 811 participants ) in the final analysis . study sample size ranged from 10 to 206 , and mean age ranged from 61 to 74 years . programmes lasted for six weeks to one year . all included studies were rcts ; three studies used allocation concealment , six reported blinded outcome assessors and","we included a total of 811 participants from 12 studies in the final analysis of this review . the number of participants in each study ranged from 10 to 206 , and mean age ranged from 61 to 74 years . the programme lasted",we included eight studies with a total of 495 participants . the studies were conducted in the review . the evidence is current to december 2014 . we found 12 studies with 4187 participants . we included studies that compared the use of
"fourteen studies were included in this review . only rcts investigating dexamethasone were identified . eight studies enrolling a total of <unk> participants investigated the cumulative dosage administered ; three studies <unk> a high versus a moderate and five studies a moderate versus a low cumulative dexamethasone dose . analysis of the studies investigating a moderate dexamethasone dose versus a high - dosage regimen showed an increased risk of <unk> ( typical risk ratio ( rr ) 1 . 50 , 95 % confidence interval ( ci ) 1","searching all electronic databases to 21 march 2016 revealed 14 studies investigating two or more different corticosteroid regimens in preterm infants . the investigated regimens differed in the used cumulative dose , timing of <unk> and duration of therapy . those studies comparing a",we found three studies ( rcts ) that compared the effects of the participants were included in this review . the studies were conducted in the review . these studies compared the use of the
"in total , 126 reports describing 30 <unk> <unk> were identified through the screening process . eleven of the 30 <unk> <unk> have undergone some form of index <unk> . intra - <unk> reliability was assessed for eight <unk> <unk> . inter - <unk> reliability was evaluated for all 11 of the <unk> <unk> . three of the <unk> underwent content <unk> . two of the included <unk> <unk> assessed criterion <unk> . six of the included <unk> <unk> explored content <unk> . two of the included <unk> <unk>","the researchers found that 11 out of the 30 <unk> <unk> <unk> that <unk> have been partially validated . the <unk> index and the <unk> <unk> index have undergone the most <unk> compared to the other nine <unk> . however , none of the","we searched for randomised controlled trials ( rcts ) , which included a total of 22 participants . the evidence is current to december 2014 . we found no studies , with a total ,"
"of the 15 trials identified , 14 were conducted in china and 14 in hospitals . the quality of reporting was poor with no studies clearly describing allocation concealment and much data were missing or <unk> . all results are <unk> to considerable bias . most frequently the primary outcome was the <unk> of the <unk> patch on the <unk> . <unk> ( <unk> , diphenhydramine , <unk> , <unk> ) were the most commonly evaluated drugs . for the outcome of ' no clinically important improvement ' <unk>","clozapine is an antipsychotic medication used in the treatment of schizophrenia , a mental health problem that can cause symptoms such as <unk> and <unk> and social withdrawal . clozapine may be useful in those for whom other medications have not worked very well","this review identified three studies ( with participants ) comparing to placebo , and the evidence is current to may 2016 . we found no studies of different types of bereavement . we included four studies with a total of people with acute ischaemic stroke"
"we included three studies randomising 161 people with schizophrenia . data were available for only two of our seven <unk> main outcomes . clinically important improvement in global state was measured using the clinical global impression ( cgi ) . there was no clear difference between chlorpromazine and <unk> groups ( 2 rcts , n = 120 , rr 1 . 11 , 95 % ci 0 . 84 to 1 . 47 , very low quality evidence ) and numbers of participants with <unk> at eight weeks were","in november 2015 , the information specialist of the cochrane schizophrenia group searched their <unk> register for relevant clinical trials . the search identified four reports . we inspected these reports and found they referred to three trials , randomising people with schizophrenia to",we searched for studies up to march 2017 . we found three studies that compared the effects of a total of 216 participants . the studies were conducted in the usa . the trials compared the effectiveness of a control of
"eight trials involving 660 participants were included . seven of the eight studies were of poor quality . follow - up time was less than one month in six trials . only two trials provided data for the number of participants who were dead or dependent at the end of 28 days of treatment , indicating a significantly lower rate of death and dependency in the <unk> group than in the control group ( relative risk ( rr ) 0 . 63 , 95 % confidence interval ( cl","this review of eight trials , involving 660 participants , indicated that <unk> improved short - term outcome . however , the evidence from the small sample size and inferior quality of the studies does not support its routine use for acute ischaemic stroke",we searched for randomised controlled trials ( rcts ) that compared the effects of preconception ( including citalopram ) and the other atypical of the baby . the evidence is current to may 2015 . we found no evidence that relaxin is better than placebo
"we included four rcts with a total of <unk> enrolled participants ( one study used a cluster - randomized design ) . three trials were considered to have a relatively low risk of bias , and one trial was considered to have a relatively high risk . when survival to hospital discharge was compared , 38 of <unk> ( 11 . 88 % ) participants <unk> to discharge in the initial cpr plus delayed <unk> group compared with 39 of 338 participants ( 11 . 54 % ) in","after reviewing the studies and their available data , we could not be certain that one approach had superiority over another , and we could not establish whether the two treatments had similar effects on outcomes . we found no adverse effects associated with",we included eight studies with a total of 495 participants . the studies were conducted in the review . the evidence is current to december 2014 . we found 12 studies with 8915 participants with a diagnosis of
"only one study ( 156 children aged between seven weeks and 24 months with signs and symptoms of bronchiolitis ) met the eligibility criteria for inclusion . participants were randomised into three groups : nebulised salbutamol , nebulised saline and <unk> in a <unk> . the results showed a significant decrease in respiratory distress symptom ( <unk> ) score in the nebulised salbutamol group but no significant decrease in the <unk> score in the <unk> in a <unk> or nebulised saline groups . the study did not report on",humidified air as <unk> inhalation or <unk> is <unk> to help the patient by <unk> respiratory tract secretions and relieving the symptoms of respiratory distress . we searched and reviewed studies that used humidified air alone or in combination with drugs to relieve the,"we searched for evidence up to march 2014 , we found three trials involving a total of participants participants . the studies were conducted in the review . the trials compared the effectiveness of"
"five rcts ( <unk> participants ) were included . two studies evaluated meditation , the others evaluated multi - <unk> palliative care interventions that involved a <unk> or <unk> <unk> as a <unk> of the intervention team . the studies evaluating meditation found no overall significant difference between those receiving meditation or usual care on quality of life or well - being . however , when meditation was combined with massage in the medium term it <unk> against a reduction in quality of life . in the palliative care","being ill and near to the end of life can <unk> questions such as "" <unk> <unk> ? <unk> now ? "" . the experience may start or increase thoughts of a <unk> or <unk> nature . some research has found that having <unk>","we searched for evidence in april 2016 , we found that randomised controlled trials ( rcts ) , which included a total of 4349 participants . the studies were conducted in the review . the trials compared the effectiveness of a control of developing cvd"
"two small studies of poor methodological quality including 52 women with a <unk> and / or infected <unk> wound at point of entry have been included . only one small study presented data in relation to wound healing at less than four weeks , ( the primary outcome measure for this review ) , although no reference was made to demonstrate how healing was measured . there was a trend to favour this outcome in the <unk> group , however , this difference was not statistically significant ( risk","this review looked at randomised controlled trials of re - <unk> <unk> down wounds compared with non - <unk> . two small studies were identified . one study , involving 17 women , showed a <unk> tendency to improved healing in the women who",we found two studies that compared the effects of preconception ( including citalopram ) and the two of the studies were conducted in the review . the studies compared the use of
"ten random or quasi - random controlled trials reported on a total of <unk> patients . there was no statistically significant effect on inpatient mortality ( or 1 . 10 , 95 % ci 0 . 56 to 2 . 16 ) or mortality to longest follow up ( or 0 . 92 , 95 % ci 0 . 65 to 1 . 29 ) but higher quality studies showed a larger non - significant increase in inpatient mortality ( or 1 . 52 , 95 % ci 0","ten studies , including over 1800 patients , were analysed to determine if patients <unk> to a nursing led inpatient unit <unk> or at least <unk> no worse than patients in a unit providing usual care . compared to usual care , patients in","this review identified five studies with a total of 718 participants . the trials compared the effectiveness of different antibiotic therapy , and the other types of the"
"we located 10 rcts involving <unk> participating <unk> performing an operation in which the use of blunt <unk> was compared to the use of sharp <unk> . four studies focused on abdominal closure , two on caesarean section , two on vaginal repair and two on hip replacement . on average , a <unk> that used sharp <unk> sustained one <unk> perforation in three operations . the use of blunt <unk> reduced the risk of <unk> <unk> with a relative risk ( rr ) of 0 . 46 (",we reviewed the literature to evaluate the preventive effect of blunt <unk> compared to sharp <unk> on needle <unk> injuries among surgical staff . we searched multiple medical databases ( to may 2011 ) . we included studies if they were randomised controlled trials,"we searched for evidence up to march 2014 . we found six trials involving a total of 495 participants . the trials compared the effectiveness of potassium , and one study compared the effects of"
we included two rcts that enrolled a total of <unk> participants with crvo - <unk> . score compared triamcinolone acetonide intravitreal injections ( n = 165 ) with observation ( n = 72 ) ; <unk> compared dexamethasone intravitreal implants ( n = 290 ) with sham injections ( n = 147 ) . we observed characteristics indicative of high risk of bias due to incomplete outcome data in score and selective outcome reporting in <unk> . loss to follow - up was high with 10 % in the,the review authors searched the medical literature up to 13 november 2014 and included two randomized controlled trials ( <unk> and score ) that had evaluated steroids in <unk> participants with crvo - <unk> . both trials included participants with similar baseline characteristics with,we included eight studies with a total of 495 participants . the studies were conducted in the review . the evidence is current to december 2014 . we found 12 studies with 8915 participants with a diagnosis of
"twenty - three studies were identified for inclusion . probiotics were not superior to placebo for any outcome measured . the use of <unk> antibiotics appeared to reduce the risk of clinical ( rr 0 . 23 ; 95 % ci 0 . 09 to 0 . 57 , nnt = 4 ) and endoscopic ( rr 0 . 44 ; 95 % ci 0 . 26 to 0 . 74 , nnt = 4 ) recurrence relative to placebo . however , these agents were associated with higher","this review examines the results of published studies which have looked at the effect of using medication following surgery for <unk> ' s disease as a mean of preventing the return ( recurrence ) of inflammation . where possible , the results of studies","this review identified three studies involving a total of participants participants . the studies were conducted in the review . the trials compared the effect of vitamin c . we found no studies of a total , and"
"we included 19 trials with <unk> participants ( 11 with outpatients , seven with inpatients , and one with icu patients ) . for outpatients ( with mild to moderate exacerbations ) , evidence of low quality suggests that currently available antibiotics statistically significantly reduced the risk for treatment failure between seven days and one month after treatment <unk> ( rr 0 . 72 , 95 % confidence interval ( ci ) 0 . 56 to 0 . 94 ; i ² = 31 % ; in absolute terms",evidence gathered for this review is current to september 2018 . we found 19 randomised studies that compared antibiotics versus placebo in a total of <unk> copd patients with a wide range of flare - up severity . analyses show that currently used antibiotics,we searched for randomised controlled trials ( rcts ) that compared the effects of horticultural for the treatment of surgery . we included eight trials with a total of 662 participants . eleven trials were conducted in the review . these trials were included in
the review includes 11 trials involving 855 participants . a total of nine studies used post - <unk> postural <unk> as their <unk> of the <unk> <unk> . there was no evidence of a difference in the results for post - treatment vertigo intensity or subjective assessment of improvement in individual or pooled data . all nine trials included the conversion of a positive to a negative <unk> - <unk> test as an outcome measure . pooled data identified a significant difference from the addition of postural <unk> in,"we included 11 studies in this review , with a total of 855 participants . nine studies looked at post - treatment postural <unk> ( using a neck brace / head movement <unk> / <unk> to sleep <unk> ) following the <unk> <unk> .","this review included three trials involving a total of participants participants . the studies were conducted in the review . the trials compared the effectiveness of potassium , and the results of the trials were included in this review ."
"in total , 24 trials were included , but only 16 ( 10 , 114 women ) had <unk> data . meta - analyses showed no effects of either <unk> or <unk> on prevention of cognitive impairment after five and four years of treatment , respectively ( odds ratio 1 . 34 , 95 % ci 0 . 95 to 1 . 9 ; odds ratio 1 . 05 , 95 % ci 0 . 72 to 1 . 54 respectively ) ( trend favouring control in both instances","animal studies ( performed both in the laboratory and on living <unk> ) suggest that estrogen alone might protect the brain as women get older . after the <unk> , levels of <unk> <unk> in women and estrogen therapy has been claimed to maintain","we included a total of studies , which included a number of participants . the studies were conducted in the review . the evidence is current to december 2014 . we found no studies , with a total ,"
"twelve trials with a total of <unk> participants were included in this review . the overall postoperative chronic pain in the <unk> group was reduced by 37 % ( or 0 . 63 , 95 % ci 0 . 44 to 0 . 91 ; 10 studies , <unk> participants , low - quality evidence ) compared with the suture group . however , the results changed when we conducted subgroup analysis with regard to the type of mesh . subgroup analysis of included studies using <unk> mesh showed","we identified 12 relevant randomised controlled trials comparing <unk> versus suture for fixation of the mesh , with a total of <unk> participants . <unk> fixation is superior to suture for the outcomes of chronic pain , duration of operation , <unk> and recovery",this review included three trials with a total of 1283 participants . the trials compared the effectiveness of the effect of the
"only one trial including 75 participants ( average age : 43 years ; females : 65 % of participants ) , randomised to early laparoscopic cholecystectomy ( less than 24 hours after diagnosis ) ( n = 35 ) or delayed laparoscopic cholecystectomy ( mean waiting period of 4 . 2 months ) ( n = 40 ) , contributed information to this review . the trial had a high risk of bias . information on the outcome mortality was available for the 75 participants . information on serious","only one trial including 75 participants ( average age : 43 years ; females : 65 % of participants ) provided information for this review . in this trial , 35 participants underwent early laparoscopic cholecystectomy ( less than 24 hours after diagnosis )",we searched for evidence up to march 2014 . we found three trials involving a total of participants participants . the studies were conducted in the review . the trials compared the effectiveness of
"no trials on <unk> of food met the inclusion criteria . we included two studies that examined <unk> to fluids . both were part of the same large multicentre trial and included people with dementia and people with or without dementia and parkinson ' s disease . <unk> in the second trial was determined by results from the first trial . with unpublished data supplied by study authors , we examined data from participants with dementia only . the first study , a cross - over trial , investigated","we found two studies , which were both part of the same multicentre trial and included people with dementia and people with or without dementia and parkinson ' s disease . we included data on people with dementia only . the first of the","this review identified five studies with a total of 3198 women . we found no studies of a total , and the evidence is current to may 2015 . we included studies that compared the use of"
"we did not identify any new studies for inclusion in this update . we included six studies that involved <unk> participants . analysis showed that zinc supplementation reduced the incidence of pneumonia by 13 % ( fixed - effect risk ratio ( rr ) 0 . 87 ; 95 % confidence interval ( ci ) 0 . 81 to 0 . 94 , six studies , low - quality evidence ) and prevalence of pneumonia by 41 % ( random - effects rr 0 . 59 ; 95 %","we included six studies that investigated zinc supplements to prevent pneumonia . the studies were conducted in bangladesh , india , peru and south africa and involved <unk> children aged from two to 59 months . children received either zinc or a similar -","we included eight studies with a total of 495 participants . the studies were conducted in north america , and one study compared the use of the"
"eleven <unk> met the inclusion criteria for this review . studies differed in design , settings , duration , content and intensity of intervention , length of follow - up , methods of evaluation and also in definitions and measures of smoking behaviour used . among seven <unk> reporting smoking prevalence , significant decreases were observed in the <unk> and <unk> <unk> tobacco control <unk> compared with the rest of the usa . some positive effects on prevalence in the whole population or in the subgroups were observed in","we searched up until 30th november 2016 , and found 11 relevant studies for this review . the numbers of participants varied between the included studies . all of the studies involved adults , although some studies also included younger people ( 14 +",this review identified five studies with a total of 3198 participants . the studies were conducted in the review . the trials compared the use of vitamin b6 for the treatment of
"twelve trials involving <unk> healthy women at low risk of excessive bleeding undergoing elective cs ( nine trials , <unk> participants ) or spontaneous birth ( three trials , <unk> participants ) satisfied inclusion criteria and contributed data to the analysis . all participants received routine prophylactic <unk> in accordance with the local <unk> in addition to <unk> or placebo or no intervention . overall , included studies had moderate risk of bias for random sequence generation , allocation concealment , blinding , selective reporting and low risk of",<unk> decreased blood loss greater than 400 ml or greater than 500 ml and this effect was more <unk> with vaginal births . the studies had methodological shortcomings . blood loss greater than 1000 ml decreased with the use of <unk> in six trials,"this review included three trials with a total of 1283 participants . the studies were conducted in the review . the trials were conducted for inclusion criteria . the evidence is current to may 2015 . we found no studies , with a higher"
"for this update we identified a total of 56 studies ( <unk> participants ) for inclusion ( 28 from the original search and 28 from the updated search ) , with the majority carried out in participants with breast cancer ( 28 studies ) . a meta - analysis of all fatigue data , incorporating 38 comparisons , provided data for <unk> participants who received an exercise intervention and <unk> control participants . at the end of the intervention period exercise was seen to be statistically more effective than","a number of studies have been carried out to investigate the effects of exercise both during and after treatment . the current review was carried out to evaluate the effect of physical exercise on fatigue related to cancer . fifty - six studies ,","we searched for randomised controlled trials ( rcts ) , which included a total of participants participants . the studies were conducted in the review . the trials compared the effect of a difference in the treatment of acute ischaemic stroke . the evidence is"
"we included four studies , with a total of 522 women , in the review . one of these studies did not report outcomes per woman randomised , and so was not included in formal analysis . three studies investigated 10 , 000 units <unk> priming compared to no priming . one study investigated 20 , 000 units <unk> compared to 10 , 000 units <unk> priming . three studies only included women with pcos ( n = 122 ) , while this was an exclusion criteria in the","this review included four randomised controlled trials , with a total of 522 women . one study investigated the use of 20 , 000 units <unk> priming compared to 10 , 000 units . the remaining studies investigated 10 , 000 units <unk> priming","we included a total of studies , which included a variety of participants . the studies were conducted in the review . the trials compared the use of a pedometer - dose treatment . the evidence is current to may 2015 . we found no"
"we included three randomised trials that evaluated <unk> <unk> versus <unk> in 213 participants , with useable data from 173 participants of whom 112 were male . the mean age of participants in individual studies ranged from 41 to 44 years . there were no trials comparing surgery with non - surgical treatment . the three included trials were at high risk of performance bias , with one trial also being at high risk of selection , detection and attrition bias . overall , the quality of available evidence","we searched medical databases and trials registries in december 2014 . we wanted to include studies in which receiving one surgical treatment or another surgical treatment was decided by chance . this research method , <unk> a randomised controlled trial ( rct ) ,",we searched for randomised controlled trials ( rcts ) that compared the effects of a total of 216 participants . the studies were conducted in the usa . the trials were conducted across <unk> of the
"we included 32 studies in this review . seventeen studies randomised women ( total <unk> ) , three randomised cycles ( total <unk> ) and twelve randomised <unk> ( over 15 , 230 ) . it was not possible to pool any of the data because each study compared different culture media . only seven studies reported live birth or ongoing pregnancy . four of these studies found no evidence of a difference between the media compared , for either day three or day five <unk> transfer . the","the evidence is current to march 2015 . we included 32 randomised controlled trials of a wide variety of different commercially available culture media in women undergoing ivf or icsi . sixteen studies randomised women ( total <unk> ) , three randomised cycles (","we found eight studies ( involving 4759 participants ) comparing diet , physical activity , or no treatment , or a placebo ( dummy ) , and one study compared the use of the"
"six randomised trials involving a total of 394 patients were included . five of the six trials demonstrated a significant efficacy of intranasal corticosteroids in improving nasal obstruction symptoms and in reducing <unk> size . the first eight - week cross - over study showed that treatment with <unk> ( 336 mcg / day ) yielded a greater improvement in mean symptom scores than placebo ( - 18 . 5 versus - 8 . 5 , p < 0 . 05 ) and a larger reduction in mean <unk>",this review was conducted to assess the effectiveness of intranasal corticosteroids for improving nasal airway obstruction in children aged 0 to 12 years with moderate to severe <unk> <unk> . evidence derived from five of the six randomised controlled trials included in this review,this review included three trials with a total of 1283 participants . the studies were conducted in the review . the trials were conducted for inclusion criteria . the evidence is current to may 2015 . we found three trials that compared the use of
"we included three studies involving 45 children aged between 29 months and six years with down syndrome . two studies compared parent - <unk> interventions versus <unk> ; the third compared a parent - <unk> plus clinician - <unk> intervention versus a clinician - <unk> intervention alone . treatment duration varied from 12 weeks to six months . one study provided nine group sessions and four individualised home - based sessions over a 13 - week period . another study provided weekly , individual clinic - based or home",the evidence is current to january 2018 . we found three studies involving 45 children aged between 29 months and six years . two studies were randomised controlled trials : experiments in which children were allocated to treatment ( i . e . parent,"we searched for studies up to march 2017 . we found three studies that compared the effects of the participants were included in this review . the studies were conducted in the usa . the trials compared the effectiveness of potassium , and one study"
"there were fourteen studies ( 16 comparisons ) with <unk> data included in the review , of which ten studies examined <unk> , two examined ssris and two included both classes , all compared with placebo . the number of participants in the intervention groups was <unk> and in the placebo groups 919 . nearly all studies were of short duration , typically 6 - 8 weeks . pooled estimates of efficacy data showed an rr of 1 . 24 , 95 % ci 1 . 11 - 1","however , most systematic reviews of antidepressant treatment have included trials conducted in secondary care settings . there has been <unk> about the effectiveness of antidepressants in primary care , and hence the <unk> to do this review . through extensive searches of the","this review included three randomised controlled trials ( rcts ) , which included a total of participants participants . the studies were conducted in the review . the trials compared the effectiveness of"
"we included eight trials ( 291 participants , aged between five and 23 years ) in this <unk> of the review . seven trials compared standard - dose rhgh ( approximately 0 . 3 mg / kg / week ) to no treatment and one three - arm trial ( 63 participants ) compared placebo , standard - dose rhgh ( 0 . 3 mg / kg / week ) and high - dose rhgh ( 0 . 5 mg / kg / week ) . six trials lasted","this review looked at using of rhgh to improve lung function , growth and quality of life for children and young adults with cf . it includes eight trials with 291 individuals with cf being selected for one treatment or the other randomly .",we searched scientific databases for clinical trials ( rcts ) that compared the effectiveness of different antibiotic therapy . the trials were conducted in the review . the evidence is current to december 2014 . we included eight trials with a total of people with
"four studies met the inclusion criteria . no single intervention was evaluated by more than one trial . two studies were conducted in low - income countries . two studies were randomised controlled trials ( rct ) , and two were non - randomised trials . an rct of a home - based nursing programme showed a positive effect of the intervention on knowledge and medication <unk> ( p = . 002 ) , but no effect on <unk> count and viral load . a second rct of caregiver","we identified four studies that evaluated interventions designed to improve adherence to art among children and adolescents age 18 years and younger . these studies showed that home - based nursing , peer support for adolescents and <unk> / <unk> - containing regimens have",this review identified three studies ( with participants ) comparing to the effects of the treatment of ectopic pregnancy . we found three studies that compared the use of
"fourteen trials were included , totalling <unk> participants , with <unk> <unk> <unk> . the age of participants included in the studies ranged from 16 to 88 years ; and the majority of participants were women ( approximately 70 % ) . the average duration of symptoms ranged from three to 15 months , and the follow - up after the procedure ranged from eight weeks to 23 months . the studies reported nine types of comparisons : open surgery versus steroid injections ( two studies ) ; percutaneous","this cochrane review is current to august 2017 . we included 14 randomised controlled trials involving <unk> participants , totalling <unk> <unk> <unk> . two studies compared open surgery versus steroid injections , five studies compared percutaneous surgery versus steroid injection , one study","this review identified three trials involving a total of participants participants . the trials compared the effectiveness of technology of the umbilical of the unborn baby . the evidence is current to may 2015 . we found no studies of a total ,"
"two cluster - rcts , with data from 503 dental practices , representing <unk> dentists and <unk> patients , met the selection criteria . we judged the risk of bias to be high for both studies and the overall quality of the evidence was low / very low for all outcomes , as assessed using the grade approach . one study used a factorial design to investigate the impact of <unk> - for - service and an educational intervention on the placement of fissure sealants in permanent molar teeth","our review identified two studies examining the effects of different methods of <unk> on the behaviour of <unk> dentists from 503 dental practices , involving <unk> patients . both were conducted in the united kingdom . one study investigated the impact of a <unk>","this review identified five studies with a total of 216 participants . the trials compared the effect of the drug treatment for the treatment of the baby . the evidence is current to may 2015 . we found no studies ,"
"three trials that randomized a combined total of <unk> participants met the review inclusion criteria . all three trials examined the treatment of symptomatic in - stent restenosis within the <unk> arteries . these trials were carried out in germany and <unk> and used paclitaxel as the agent in the drug - <unk> <unk> . two of the three trials were industry sponsored . two companies <unk> the drug - <unk> <unk> ( <unk> , <unk> , germany ; <unk> , <unk> , <unk> , usa ) . the","our review included three clinical trials that randomized <unk> participants ( most recent search - november 28 , 2017 ) . trials included leg arteries at and above the knee and were carried out in europe ; all used <unk> that contained the <unk>",this review included three trials with a total of 112 participants . the studies were conducted in the review . the trials were conducted for inclusion criteria . the evidence is current to may 2015 . we found three trials that compared the use of
"we included 33 studies involving <unk> patients . predominantly , the studies were of low methodological quality . <unk> has been applied in many patient groups . there is a large variety in the ways the <unk> was performed ( the health professionals who undertook the <unk> , frequency , <unk> , duration , etc . ) . many different outcomes have been measured , but only a few were measured across more than one study . effects are not constant across studies , nor within patient groups .","our systematic review identified 33 relevant studies , almost all of which were of low methodological quality ( a major <unk> of the review ) . we found that telephone follow - up has been applied in many patient groups . there is great","we included a total of studies , which included a variety of the review . we included studies that compared the effectiveness of a control of a flare of the other interventions can be used to treat neuropathic or placebo . the evidence is current"
"we identified 67 randomised clinical trials involving a total of <unk> participants . all the trials were at high risk of bias . a total of <unk> participants from 64 trials provided data for one or more outcomes included in this review . there was no evidence of differences in most of the comparisons , and where there was , these differences were in single trials , mostly of small sample size . we summarise only the evidence that was available in more than one trial below . of","we identified 67 randomised clinical trials involving a total of <unk> participants that met our inclusion criteria . however , we were only able to include <unk> participants from 64 trials since investigators either did not include the remaining participants in the analysis or",we searched for randomised controlled trials ( rcts ) that compared the effectiveness of a control group in the treatment of surgery . the evidence is current to may 2015 . we found no evidence that relaxin is better than placebo or no treatment .
"fifteen studies were included using four different methods of administration of <unk> . four studies , 29 people , used intravenous infusion ; seven , 131 people , used a conventional oral form ; four , <unk> people , used a controlled - release oral form , and one study of 181 people used a <unk> skin patch . intravenous infusion there are no usable results from the intravenous infusion trials , oral form the few results from the trials of the conventional oral form showed no benefit of",studies conducted more than 20 years <unk> suggested that <unk> could improve memory in people with or without dementia . <unk> of this <unk> has been limited by the very short half - life of <unk> . various forms of administering the drug have,this review identified five studies with a total of 216 participants . the studies were conducted in the review . the trials compared the use of the
"we included 28 randomized clinical trials ( <unk> participants ) ; in the 21 trials reporting relevant outcomes for this review , <unk> participants were randomly assigned to a high fraction of inspired oxygen versus a routine fraction of inspired oxygen . in trials with an overall low risk of bias , a high fraction of inspired oxygen compared with a routine fraction of inspired oxygen was not associated with all - cause mortality ( random - effects model : rr 1 . 12 , 95 % confidence interval","we identified 28 randomized clinical trials . eight trials with <unk> participants reported on risk of death , and 15 trials with <unk> participants reported on surgical site infections within 14 to 30 days of surgery . four trials reported serious adverse events ,",we searched for randomised controlled trials ( rcts ) that compared the effects of horticultural for the treatment of surgery . we found no evidence that relaxin is effective in preventing ivh . the evidence is current to may 2015 . we included eight studies
"we included four trials involving <unk> women that were judged to be at an unclear to high risk of bias overall . a variety of different agents for providing analgesia were assessed in the trials , and a number of different methods to measure pain relief were used , and thus results could not be combined in meta - analysis . three trials compared <unk> with an alternative agent ( <unk> ; <unk> - <unk> ; "" other "" <unk> agent ) for the provision of general anaesthesia ,","this review found that there is not enough evidence from the four included randomised controlled trials , involving <unk> women and their babies , to determine the most effective and safe analgesic agent or technique for women who are undergoing a forceps delivery .",we searched for randomised controlled trials ( rcts ) that compared the effects of horticultural for the treatment of surgery . the evidence is current to may 2015 . we found no evidence that relaxin is better than placebo or no treatment . the studies
"eight rcts ( enrolling <unk> patients ) met the inclusion criteria . three rcts ( all performed in asian countries ) compared <unk> with <unk> <unk> : data suggested no significant difference in os between these two types of lymph <unk> dissection ( hr 0 . 99 , 95 % ci 0 . 81 to 1 . 21 ) , with no significant difference in postoperative mortality ( rr 1 . 67 , 95 % ci 0 . 41 to 6 . 73 ) . data for <unk> were","we collected data from eight randomized controlled trials addressing this issue and enrolling a total of <unk> patients . we found that <unk> <unk> can reduce the number of deaths due to disease progression as compared to <unk> <unk> . however , <unk> <unk>","we searched for evidence in april 2016 , we found that randomised controlled trials ( rcts ) , which included a total of 96 participants . one study compared the effectiveness of a control of two or more treatment groups ) , and the evidence"
"we included six new studies ( 517 participants ) in this review update , bringing the total of included studies to 10 ( 811 participants ) . the studies were heterogeneous with regard to study quality , the chronic painful conditions that were investigated , the dose of vitamin d given , co - interventions , and the outcome measures reported . only two studies reported <unk> pain outcomes ; the other studies reported treatment group average outcomes only . overall , there was no consistent <unk> that vitamin",we searched scientific databases for studies comparing vitamin d supplementation with placebo ( a dummy treatment ) or active medicines for the treatment of chronic painful conditions in adults . the evidence is current to february 2015 . there is a small amount of,"we included three studies ( involving 4759 participants ) comparing diet , physical activity , or no treatment , or a placebo ( dummy ) , and a significant effect on the risk of developing cvd . the studies were conducted in the usa ."
"we included 20 studies with a total of <unk> participants covering 23 different treatments . statistical pooling of the data was not possible due to the heterogeneity of treatments . each study involved a different set of interventions . they can be grouped into those including a <unk> agent such as <unk> , triple - combination creams ( <unk> , <unk> , and fluocinolone acetonide ) , and combination therapies ( <unk> cream and <unk> acid <unk> ) , as well as less conventional therapies including <unk> , vitamin","we included 20 studies with a total of <unk> participants covering 23 different treatments . triple - combination cream was significantly more effective at <unk> <unk> when compared to <unk> alone or to dual combinations such as <unk> and <unk> , <unk> and fluocinolone","we included a total of studies , which included a variety of participants . we included three studies ( involving 4759 participants ) comparing diet , physical activity , or no treatment , or a placebo ( dummy ) . the evidence is current to"
"eight rcts with 733 women in total that compared brief co - <unk> and the standard <unk> protocol were included . live birth was not reported in the included studies . for ongoing pregnancy rate , there were 127 ongoing pregnancies in two trials including <unk> women . the low quality evidence showed that brief co - <unk> was associated with an increased ongoing pregnancy rate compared to the standard <unk> protocol ( pooled odds ratio ( or ) 2 . 42 , 95 % confidence interval ( ci",this review identified eight randomized controlled trials involving 733 women . low quality evidence showed increases in ongoing pregnancy and clinical pregnancy rates with the use of the brief co - <unk> protocol . more studies are needed to assess whether brief co -,we included eight studies with a total of 718 participants . the evidence is current to may 2015 . we found no strong evidence that relaxin is better than placebo or no treatment . the studies were conducted in the usa . the trials compared
"we included 36 studies with <unk> participants ( with pulmonary hypertension from all <unk> ) in the final review . trials were conducted for 14 weeks on average , with some as long as 12 months . two trials specifically included children . nineteen trials included group 1 <unk> participants . <unk> participants treated with <unk> inhibitors were more likely to improve their who functional class ( odds ratio ( or ) 8 . 59 , 95 % confidence interval ( ci ) 3 . 95 to 18 .","we included 36 studies with <unk> people . trials were conducted for 14 weeks on average , with some as long as 12 months . most trials involved adults , and two trials specifically included children . nineteen trials included those with group 1",we included eight studies with a total of 495 participants . all studies compared the effectiveness of a control of developing cvd . the evidence is current to december 2014 . we found no strong evidence that
"in total , <unk> participants with <unk> at baseline were identified in the 15 included studies of which 1172 had <unk> data ; 430 participants <unk> to alzheimer ’ s disease dementia and 130 participants to other forms of dementia . follow - up ranged from less than one year to over four years for some participants , but in the majority of studies was in the range one to three years . conversion to alzheimer ’ s disease dementia the accuracy of the csf t - <unk> was",the evidence is current to january 2013 . we included 15 studies containing a total of <unk> participants with <unk> . the majority of studies ( n = 9 ) were published between 2010 and 2013 . the remaining six studies were published between,"we searched for randomised controlled trials ( rcts ) , which included a total of 22 participants . the evidence is current to december 2014 . we found no studies , with a total ,"
"we included nine rcts randomising a total of <unk> participants ( age range 24 to 70 ; mean age 45 to 59 , where reported ) to whole <unk> versus lower whole <unk> or <unk> <unk> control groups . we found no studies that reported the effect of whole <unk> diets on total cardiovascular mortality or cardiovascular events ( total myocardial infarction , <unk> <unk> , coronary artery bypass graft surgery , percutaneous transluminal coronary angioplasty , total stroke ) . all included studies reported the effect of whole",we evaluated nine randomised studies assessing the effects of whole <unk> diets compared to diets with <unk> <unk> or a usual diet on levels of cholesterol in the blood or blood pressure ( major risk factors for cardiovascular disease including heart attacks or stroke,we included eight studies with a total of 495 participants . all studies compared the use of the risk of developing cvd . the evidence is current to may 2015 . we found no evidence that
"a sufficient number of studies were available for a quantitative synthesis for fluoxetine , orlistat , and sibutramine . twenty two randomized controlled trials were included in the review , with a total of <unk> participants for <unk> , <unk> for orlistat , and 1047 for sibutramine . pharmacotherapy produced modest reductions in weight for fluoxetine ( 5 . 1 kg ( 95 % confidence interval [ ci ] , 3 . 3 - 6 . 9 ) at 24 to 26 weeks follow up ; orlistat 2 .","this review of drugs for weight loss among adults with type 2 diabetes revealed weight loss of between 2 . 0 and 5 . 1 kg for fluoxetine , orlistat and sibutramine at follow - up of up to 57 weeks . the long","we searched for studies up to march 2014 . we found three studies ( rcts ) , which included a total of participants participants . the studies were conducted in the review . the trials compared the use of"
"a total of 28 studies ( involving <unk> children and adults ) were included in the review ; 18 studies involving <unk> participants were cross - over in design . data were not published in sufficient detail in most of these studies to perform any meta - analysis . in 22 of the 28 studies the <unk> technique was performed using a mask , in three of the studies a <unk> was used with nose clips and in three studies it was unclear whether a mask or <unk> was",the review includes 28 studies with <unk> people ( from infants to adults ) with cf with mild to severe lung disease . the studies compared <unk> to other methods of chest physiotherapy ; the length of treatment ranged from a single session to,"we included three studies ( rcts ) , which included a total of participants participants . the studies were conducted in the review . the trials compared the effect of the"
"we identified 30 trials with a total of <unk> participants randomised , with 17 different drugs or treatment comparisons . the following <unk> and <unk> cell <unk> were evaluated in at least one rct : <unk> sodium or sodium cromoglycate , <unk> , <unk> , <unk> , <unk> , <unk> ( or <unk> ) , <unk> , <unk> <unk> , combination of <unk> and <unk> , combination of <unk> and <unk> potassium . the most common comparison was <unk> versus placebo ( nine studies ) . we observed a","the evidence is current to july 2014 . among the 30 studies reviewed there were 17 different comparisons , including <unk> participants ranging in age between 4 and 85 years . the duration of treatment ranged from one to eight weeks . ten out","we searched for randomised controlled trials ( rcts ) , which included a total of 662 participants . we included eight studies ( involving 1245 participants ) that compared the effectiveness of"
"we identified 12 studies ( <unk> participants : 1586 children and 908 elderly ) comparing <unk> and <unk> with placebo , paracetamol ( one trial : 69 children ) or <unk> ( two trials : 545 elderly ) to treat <unk> a . <unk> was effective in preventing <unk> a in children ( <unk> participants , risk ratio ( rr ) 0 . 11 ; 95 % confidence interval ( ci ) 0 . 04 to 0 . 30 ) . the <unk> risk of <unk> a in the","we identified 12 trials ( <unk> participants : 1586 children and 908 elderly ) . we looked for trials that compared <unk> or <unk> with no intervention , <unk> or control drugs in children and the elderly . the most recent searches were completed",we included eight studies with a total of 495 participants . we included seven studies with 862 participants . the evidence is current to december 2014 . we found no studies that compared the use of
"we did not find any new study which were eligible for inclusion in this update . the total number of studies remained unchanged , six trials involving 1297 patients . five trials had a low risk of bias . one trial had an unclear risk of bias . mortality at day 28 was significantly reduced by lung - protective ventilation with a relative risk ( rr ) of 0 . 74 ( 95 % confidence interval ( ci ) 0 . 61 to 0 . 88 ) ; hospital",several studies have suggested that mechanical breathing can also cause lung damage and bleeding . a new lung protective way of mechanical ventilation was tested in large studies . in this third update of the cochrane review we searched the databases until september 2012,"we searched for evidence in april 2016 , we found 19 studies with a total of 495 participants . the studies were conducted in the review . the trials compared the effect of a control of the umbilical ( rather - based or other treatments"
"we included three studies that involved 123 people . the methods used for blinding the participants and researchers to the treatment group were not reported , but as the comparison is surgical treatment with medical treatment this bias is hard to avoid . there was no description of concealment of the randomization sequence in two studies . all three studies reported on mortality , and deaths occurred in two studies . there was no clear evidence of a difference in mortality between treatment groups ( risk ratio ( rr","we searched scientific databases for studies comparing surgical treatment with nonsurgical treatment in adults or children with <unk> chest . we included three studies in this review , which involved 123 people . in these studies , people with <unk> chest were randomly allocated","we searched for studies up to march 2017 . we found three studies that compared the effects of a total of 216 participants . the studies were conducted in the usa . the trials compared the effectiveness of potassium , and one study compared the"
"ten studies involving 484 patients were included . there was no evidence suggesting superior efficacy of any one <unk> over another , but there was evidence of superiority of sclerotherapy to placebo . the evidence did not suggest an increase in patient satisfaction with any one agent versus another , but there was evidence that patients were less satisfied with placebo . there was some evidence suggesting that <unk> ( <unk> ) was more likely to cause adverse reactions at a concentration of 1 % compared with lower concentrations","we included 10 randomised controlled trials involving 484 people in our review . sodium <unk> <unk> ( <unk> ) , <unk> ( <unk> ) , and <unk> ( 20 % saline mixed with heparin 100 units / ml ) cleared the <unk> more <unk>",this review identified five studies with a total of 3198 women . we found no strong evidence that relaxin is effective in preventing ivh . the evidence is current to december 2014 . we included studies that compared the use of
"twelve trials were found to be eligible for inclusion in this review . seven trials with a variable risk of bias compared ivig with pe in <unk> severely affected participants . in five trials with 536 participants for whom the outcome was available , the mean difference ( md ) of change in a seven - grade disability scale after four weeks was not significantly different between the two treatments : md of 0 . 02 of a grade more improvement in the intravenous immunoglobulin than the plasma exchange","we included trials of ivig compared to no treatment , dummy treatment , pe , <unk> ( in which specific antibodies are removed from blood ) or other immune treatments . we also considered trials of ivig added to another treatment . we found","this review included three trials with a total of 1283 participants . the studies were conducted in the usa . the trials were conducted for inclusion criteria . the evidence is current to december 2014 . we found no studies , with a higher"
"we included 13 trials involving a total of 16 , 112 participants . eleven trials recruited participants with history of coronary heart disease , two trials recruited participants with history of stroke , and one trial recruited participants with a mix of people with cvd . we judged overall risk of bias to be moderate . the meta - analysis ( including all fibrate trials ) showed evidence for a protective effect of fibrates primarily compared to placebo for the primary composite outcome of non - fatal stroke ,","the duration of fibrates ranged from 12 months to 8 years . we included 13 trials in this review with a total of 16 , 112 participants with a history of coronary heart disease or stroke . this review includes evidence identified up to",we searched for randomised controlled trials ( rcts ) that compared the effects of horticultural for the treatment of surgery . we included eight trials with a total of 662 participants . all trials were conducted in the review . the trials compared the effect
"in this 2019 update , 65 studies ( involving <unk> participants ) were eligible ; 45 studies contributed data to our meta - analyses ( <unk> participants ) . treatments included <unk> , vitamin d <unk> , <unk> , <unk> , <unk> , <unk> , and calcitonin . median duration of follow - up was 12 months . forty - three studies evaluated bone density or bone - related biomarkers , with more recent studies evaluating proteinuria and <unk> . <unk> therapy was usually commenced in the perioperative transplantation","in 2019 , there are 65 research studies ( involving <unk> people ) that looked at whether medicines can prevent bone fractures after kidney transplant . the most common medicine in the studies was a <unk> which <unk> bone <unk> . <unk> were given","this review included three randomised controlled trials ( rcts ) , which included a total of 22 participants . the studies were conducted in the review . the trials compared the effectiveness of a control of the"
"no new studies were found for this update . nine included studies ( <unk> participants , <unk> attacks ) compared ibuprofen with placebo or other active comparators ; none combined ibuprofen with a self - administered <unk> . all studies treated attacks with single doses of medication . for ibuprofen 400 mg versus placebo , nnts for 2 - hour pain - free ( 26 % versus 12 % with placebo ) , 2 - hour headache relief ( 57 % versus 25 % ) and 24 - hour","this is an updated version of the original cochrane review published in issue 10 , 2010 ( <unk> 2010 ) ; no new studies were found . a single oral dose of ibuprofen 200 mg or 400 mg is effective in relieving pain in",this review identified five studies with a total of 3198 women . we included studies that compared the use of vitamin c in people with dementia . the studies were conducted in the review . the trials compared the effect of
"we located 32 studies addressing technical <unk> and 66 surveys of reference accuracy . only three of the studies were randomised controlled trials . a ' <unk> ' of largely unspecified <unk> processes applied between acceptance and publication was associated with improved <unk> in two studies and improved reporting quality in another two studies , while another study showed mixed results after <unk> <unk> <unk> were introduced . more intensive <unk> processes were associated with fewer errors in abstracts and references . providing <unk> to authors was associated with","most journals try to improve articles before publication by <unk> them to make them fit a ' <unk> - style ' , and by other processes such as <unk> - <unk> . we refer to all these processes as technical <unk> . we identified","we searched for evidence up to march 2014 , we found that randomised controlled trials ( rcts ) , which included a total of 96 participants . the studies were conducted in the review . the trials compared the effect of"
"we included 50 studies ( 45 , 285 participants ) : 47 studies ( 39 , 820 participants ) compared statins with placebo or no treatment and three studies ( <unk> participants ) compared two different statin regimens in adults with ckd who were not yet on dialysis . we were able to meta - analyse 38 studies ( 37 , 274 participants ) . the risk of bias in the included studies was high . seven studies comparing statins with placebo or no treatment had lower risk of","we looked at 50 studies published before june 2012 concerning statin treatment in over 45 , 000 people with ckd who did not need dialysis treatment . we found that statins reduced the risk of death and major heart - related events by 20",we searched for studies up to march 2017 . we found 12 studies involving a total of 495 participants . the studies were conducted in the review . the trials compared the effect of a pedometer - dose treatment . the evidence is current to
"thirty - nine studies , enrolling <unk> participants , were included in this review , however only 30 studies , involving <unk> participants , contained enough data to be meta - analysed . risk of bias was low or unclear for most domains in the majority of the included studies . studies compared antimicrobial <unk> solutions ( antibiotic and non - antibiotic ) to standard <unk> solutions ( usually heparin ) of the cvc for <unk> . fifteen studies used antibiotic <unk> solutions , 21 used non - antibiotic","we included 39 studies , including 3 , <unk> participants undergoing <unk> through a cvc . the studies compared cvc <unk> solutions with heparin to antimicrobial <unk> solutions . fifteen studies used only antibiotic <unk> solutions , 21 used non - antibiotic <unk> solutions",this review identified five studies with a total of participants participants . the studies were conducted in the review . the trials compared the effect of the
"out of six relevant reports identified by the search strategy , one trial involving 72 women with sickle cell anaemia ( hbss ) met our inclusion criteria . the trial was at unclear risk of bias . overall , there were few events for most of the reported outcomes and the results were generally <unk> . the included trial reported no maternal mortality occurring in women who received either prophylactic or selective blood transfusion . very low - quality evidence indicated no clear differences in maternal mortality , perinatal","we searched for evidence on 30 may 2016 and identified one controlled trial , with an unclear risk of bias , that randomised 72 women with sickle cell anaemia ( haemoglobin ss ) before 28 weeks of gestation to one of the two blood",this review identified five studies with a total of 216 participants . the studies were conducted in the review . the trials compared the use of the
